{
  "squeezenet": {
    "latency": [
      1.1002880334854126,
      1.1084799766540527,
      1.1101866960525513,
      1.1060906648635864,
      1.10916268825531,
      1.1004587411880493
    ],
    "opt_time": 2.9087066650390625e-05,
    "mean": 1.1057778000831604,
    "std": 0.004015084038667767,
    "block_latency": [
      0.07691378146409988,
      0.09207466865579288,
      0.07384178166588147,
      0.1606248915195465,
      0.012970666711529097,
      0.0806968833009402,
      0.13229510933160782,
      0.10479022314151128,
      0.15718400230010351,
      0.00938666658475995,
      0.10535822187860806,
      0.0661048876742522
    ]
  }
}