{
  "randwire_large": {
    "latency": [
      8.934399604797363,
      8.923818588256836,
      8.921429634094238,
      8.917332649230957,
      9.179136276245117,
      9.212416648864746
    ],
    "opt_time": 0.00012040138244628906,
    "mean": 9.014755566914877,
    "std": 0.1284643207792734,
    "block_latency": [
      0.03271111038823923,
      1.1313777764638264,
      1.9901155233383179,
      2.4384000301361084,
      3.366058627764384,
      0.10268444195389748
    ]
  }
}