{
  "nasnet_large": {
    "latency": [
      16.588287353515625,
      16.446975708007812,
      16.88200569152832,
      16.292863845825195,
      16.466432571411133,
      16.535383224487305
    ],
    "opt_time": 0.0009770393371582031,
    "mean": 16.535324732462566,
    "std": 0.17996837294105375,
    "block_latency": [
      16.805858929951984
    ]
  }
}