{
  "squeezenet_dp_parallel_merge": {
    "latency": [
      0.681984007358551,
      0.682154655456543,
      0.6830080151557922,
      0.6785706877708435,
      0.676863968372345,
      0.6773760914802551
    ],
    "opt_time": 1.872680425643921,
    "mean": 0.6799929042657217,
    "std": 0.0024626950736290174,
    "block_latency": [
      0.06499555334448814,
      0.05603555589914322,
      0.04932266970475515,
      0.09503288939595222,
      0.011434666812419891,
      0.05703111303349336,
      0.08530488610267639,
      0.07557689150174458,
      0.12461510797341664,
      0.00952888885512948,
      0.06456888901690643,
      0.05654755545159181
    ]
  }
}