{
  "nasnet_large_dp_merge": {
    "latency": [
      26.67195701599121,
      25.098241806030273,
      23.205549240112305,
      23.318700790405273,
      23.677949905395508,
      23.59227752685547
    ],
    "opt_time": 66.49442744255066,
    "mean": 24.26077938079834,
    "std": 1.2451725816489785,
    "block_latency": [
      23.43367067972819
    ]
  }
}