{
  "randwire_large_dp_parallel_merge": {
    "latency": [
      6.318762302398682,
      5.918890476226807,
      5.930666446685791,
      5.933227062225342,
      5.951829433441162,
      5.9183783531188965
    ],
    "opt_time": 4378.645767450333,
    "mean": 5.99529234568278,
    "std": 0.1450881638743697,
    "block_latency": [
      0.03552711196243763,
      0.9598862032095591,
      1.5470364292462666,
      1.617123583952586,
      1.8057387272516887,
      0.10478933155536652
    ]
  }
}