{
  "squeezenet_dp_merge": {
    "latency": [
      0.730282723903656,
      0.731989324092865,
      0.7309653759002686,
      0.7268693447113037,
      0.729429304599762,
      0.730282723903656
    ],
    "opt_time": 1.591888189315796,
    "mean": 0.7299697995185852,
    "std": 0.0015900969545229104,
    "block_latency": [
      0.06766933326919873,
      0.06095644334952036,
      0.051683555667599045,
      0.09733688955505689,
      0.011747555807232857,
      0.058766222248474755,
      0.08871822307507198,
      0.07987200220425923,
      0.12754488984743753,
      0.008874666721870502,
      0.06596266354123752,
      0.05990400227407614
    ]
  }
}