{
  "nasnet_large_dp_parallel_merge": {
    "latency": [
      16.64426612854004,
      16.6314640045166,
      16.520532608032227,
      16.114519119262695,
      15.906645774841309,
      15.918591499328613
    ],
    "opt_time": 3712.3958446979523,
    "mean": 16.289336522420246,
    "std": 0.31909848902408816,
    "block_latency": [
      16.45442835489909
    ]
  }
}