{
  "inception_v3": {
    "latency": [
      7.162368297576904,
      6.95313024520874,
      6.392831802368164,
      6.387370586395264,
      6.380373477935791,
      6.3668904304504395
    ],
    "opt_time": 6.842613220214844e-05,
    "mean": 6.607160806655884,
    "std": 0.3243858863397297,
    "block_latency": [
      0.2635662108659744,
      0.22889244059721628,
      0.25193245708942413,
      0.25981155534585315,
      0.3220764597256978,
      0.5706524650255839,
      0.598812460899353,
      0.5992106894652048,
      0.6551324427127838,
      0.49575821061929065,
      0.8070826629797617,
      0.995043565829595,
      0.008732444606721401
    ]
  }
}