{
  "randwire_large": {
    "latency": [
      6.0921173095703125,
      6.9713921546936035,
      6.262271881103516,
      6.230357646942139,
      6.2298455238342285,
      6.246912002563477
    ],
    "opt_time": 0.0004398822784423828,
    "mean": 6.338816086451213,
    "std": 0.2883735890741077,
    "block_latency": [
      0.03362133353948593,
      0.9496462245782217,
      1.6253439982732136,
      1.6626630822817485,
      1.89718759059906,
      0.10183111329873402
    ]
  }
}