{
  "inception_v3_dp_merge": {
    "latency": [
      5.279402732849121,
      5.292202472686768,
      5.268991947174072,
      5.2729172706604,
      5.262847900390625,
      5.255338668823242
    ],
    "opt_time": 1.951664924621582,
    "mean": 5.271950165430705,
    "std": 0.011791070820037174,
    "block_latency": [
      0.26439110438028973,
      0.20144354552030563,
      0.21848177164793015,
      0.22380088518063226,
      0.3196302354335785,
      0.4691342165072759,
      0.5092977782090505,
      0.5115733643372854,
      0.5657884379227957,
      0.452039102713267,
      0.5798969070116679,
      0.6786844333012899,
      0.009187555871903896
    ]
  }
}