{
  "inception_v3_dp_parallel_merge": {
    "latency": [
      3.862015962600708,
      3.8901760578155518,
      3.911168098449707,
      4.215295791625977,
      3.8347091674804688,
      3.8783998489379883
    ],
    "opt_time": 50.696228981018066,
    "mean": 3.9319608211517334,
    "std": 0.12889010459952854,
    "block_latency": [
      0.26393598814805347,
      0.17723733683427176,
      0.20249599466721216,
      0.20866844803094864,
      0.27736177543799084,
      0.3884373406569163,
      0.4006115645170212,
      0.4026595602432887,
      0.4447573373715083,
      0.35686400532722473,
      0.38004622360070545,
      0.4225706607103348,
      0.008960000239312649
    ]
  }
}