{
  "squeezenet_dp_parallel": {
    "latency": [
      0.8878080248832703,
      0.8890027403831482,
      0.8903679847717285,
      0.8847360014915466,
      0.8652799725532532,
      0.8616960644721985
    ],
    "opt_time": 1.7855348587036133,
    "mean": 0.8798151314258575,
    "std": 0.011715001855452427,
    "block_latency": [
      0.06519466762741406,
      0.07842133442560832,
      0.06638933345675468,
      0.14025955398877463,
      0.011605333536863327,
      0.07552000259359677,
      0.11076266815265019,
      0.09506133819619815,
      0.12680533776680628,
      0.008647111244499683,
      0.0909653368095557,
      0.057230222349365555
    ]
  }
}