{
  "randwire_large_dp_parallel": {
    "latency": [
      5.958314895629883,
      5.734399795532227,
      5.706069469451904,
      5.709482669830322,
      5.710677623748779,
      5.678592205047607
    ],
    "opt_time": 4370.486439466476,
    "mean": 5.749589443206787,
    "std": 0.09474027548317202,
    "block_latency": [
      0.03219911145667235,
      0.9018880029519399,
      1.4475377798080444,
      1.5261297821998596,
      1.7751608689626057,
      0.10393600041667621
    ]
  }
}