{
  "squeezenet": {
    "latency": [
      1.052672028541565,
      1.0456746816635132,
      1.2267519235610962,
      1.1328853368759155,
      1.0641065835952759,
      1.0553972721099854
    ],
    "opt_time": 0.0001800060272216797,
    "mean": 1.0962479710578918,
    "std": 0.06523284825907702,
    "block_latency": [
      0.0773404451707999,
      0.09591467057665189,
      0.08265955497821172,
      0.1532586713631948,
      0.013596444390714169,
      0.08800711358586948,
      0.12797155479590097,
      0.10959644243121147,
      0.14811111489931741,
      0.01038311111430327,
      0.1119857815404733,
      0.06795378029346466
    ]
  }
}