{
  "inception_v3": {
    "latency": [
      4.936704158782959,
      5.643264293670654,
      4.928512096405029,
      4.832255840301514,
      4.603050708770752,
      4.585813522338867
    ],
    "opt_time": 0.0003635883331298828,
    "mean": 4.921600103378296,
    "std": 0.35196681989531076,
    "block_latency": [
      0.2799217651287715,
      0.22695822020371756,
      0.23918932676315308,
      0.24032711486021677,
      0.31610312064488727,
      0.4574435402949651,
      0.45021867255369824,
      0.445297767718633,
      0.4947057863076528,
      0.4026595552762349,
      0.42990932365258533,
      0.5269901951154073,
      0.008732444451500973
    ]
  }
}