{
  "nasnet_large": {
    "latency": [
      23.471445083618164,
      23.19087028503418,
      23.226198196411133,
      23.26527976989746,
      23.775915145874023,
      23.272789001464844
    ],
    "opt_time": 0.00027680397033691406,
    "mean": 23.367082913716633,
    "std": 0.20338382130592247,
    "block_latency": [
      23.417742411295574
    ]
  }
}