{
  "inception_v3_dp_parallel": {
    "latency": [
      3.900927782058716,
      3.9529812335968018,
      3.9086081981658936,
      3.975680112838745,
      3.95793080329895,
      3.960831880569458
    ],
    "opt_time": 50.38284778594971,
    "mean": 3.9428266684214273,
    "std": 0.027872348734725643,
    "block_latency": [
      0.26399287581443787,
      0.1888995518287023,
      0.20471466581026712,
      0.22624711195627847,
      0.27684978147347766,
      0.3939555585384369,
      0.405902236700058,
      0.4134400139252345,
      0.44745956857999164,
      0.35285333792368573,
      0.43323733905951184,
      0.428942213455836,
      0.009016888992240032
    ]
  }
}