{
  "randwire_large_dp_merge": {
    "latency": [
      8.97314167022705,
      8.919381141662598,
      9.003006935119629,
      9.21292781829834,
      9.243476867675781,
      9.006422996520996
    ],
    "opt_time": 4.267190456390381,
    "mean": 9.059726238250732,
    "std": 0.12280537883574306,
    "block_latency": [
      0.03273955422143141,
      1.1446613073349,
      2.0025457541147866,
      2.4693190654118857,
      3.3641244570414224,
      0.10331021870175998
    ]
  }
}