{
  "nasnet_large_dp_parallel": {
    "latency": [
      15.994709968566895,
      15.90988826751709,
      16.36846923828125,
      16.229888916015625,
      16.013652801513672,
      15.938899993896484
    ],
    "opt_time": 3660.27202296257,
    "mean": 16.075918197631836,
    "std": 0.1663854838295,
    "block_latency": [
      16.021475315093994
    ]
  }
}